flow,hs4,hs6,hs_full,category,hs6_rule,status,ippi_napcs,hs6_desc,hs_full_desc,note
domestic_exports,7225,722511,72251100,Raw Materials,whole,keep,31212,"Flat rolled products, of silicon-electrical steel, >= 600 mm wide, grain oriented","Flat rolled products,of silicon-electrical steel, >= 600 mm wide, grain oriented",
domestic_exports,7225,722519,72251900,Raw Materials,whole,keep,31212,"Flat rolled products, of silicon-electrical steel, >= 600 mm wide, nes","Flat rolled products, of silicon-electrical steel, >= 600 mm wide, nes",
domestic_exports,7226,722611,72261100,Raw Materials,whole,keep,31212,"Flat rolled prod, al, o/t stainless, of sil elect steel, grain oriented, <600mm wide","Flat rolled prod,al,o/t stainless,of sil elect steel,grain oriented,<600mm wide",
domestic_exports,7226,722619,72261900,Raw Materials,whole,keep,31212,"Flat rolled products, alloy, o/t stain, of silicon elec steel, <600 mm wide, nes","Flat rolled products, alloy, o/t stain, of silicon elec steel, <600 mm wide, nes",
domestic_exports,7308,730820,73082000,Overhead Conductor,whole,keep,31212,"Towers and lattice masts, iron or steel","Towers and lattice masts, iron or steel",
domestic_exports,7407,740710,74071000,Raw Materials,whole,keep,322,"Bars, rods and profiles of refined copper","Bars, rods and profiles of refined copper",
domestic_exports,7408,740811,74081100,Raw Materials,whole,keep,322,Wire of refined copper of which the max cross sectional dimension exceeds 6mm,Wire of refined copper of which the max cross sectional dimension exceeds 6mm,
domestic_exports,7408,740819,74081900,Raw Materials,whole,keep,322,"Wire, of refined copper of which max cross-sectional dimension is 6mm or less","Wire, of refined copper of which max cross-sectional dimension is 6mm or less",
domestic_exports,7408,740821,74082100,Raw Materials,whole,keep,322,"Wire, of copper-zinc base alloys (brass)","Wire, of copper-zinc base alloys (brass)",
domestic_exports,7408,740829,74082900,Raw Materials,whole,keep,322,"Wire, copper alloy, nes","Wire, copper alloy, nes",
domestic_exports,7413,741300,74130000,Overhead Conductor,whole,keep,322,"Stranded wire, cable, plaited bands and the like, of copper not elec insulated","Stranded wire, cable, plaited bands and the like, of copper not elec insulated",
domestic_exports,7604,760410,76041000,Raw Materials,whole,keep,32711,"Bars, rods and profiles, aluminium, not alloyed","Bars, rods and profiles, aluminium, not alloyed",
domestic_exports,7604,760421,76042100,Raw Materials,whole,keep,32711,"Profiles, hollow, aluminium, alloyed","Profiles, hollow, aluminium, alloyed",
domestic_exports,7604,760429,76042900,Raw Materials,whole,keep,32711,"Bars, rods and other profiles, aluminium alloyed","Bars, rods and other profiles, aluminium alloyed",
domestic_exports,7605,760511,76051100,Raw Materials,whole,keep,32711,"Wire, aluminum, not alloyed, with a maximum cross-sectional dimension > 7mm","Wire, aluminum, not alloyed, with a maximum cross-sectional dimension > 7mm",
domestic_exports,7605,760519,76051900,Raw Materials,whole,keep,32711,"Wire,aluminum,not alloyed,with maximum cross-sectional dimension of 7mm or less","Wire,aluminum,not alloyed,with maximum cross-sectional dimension of 7mm or less",
domestic_exports,7605,760521,76052100,Raw Materials,whole,keep,32711,"Wire, of aluminum alloys, of which the maxium cross-sectional dimension > 7 mm","Wire, of aluminum alloys, of which the maxium cross-sectional dimension > 7 mm",
domestic_exports,7605,760529,76052900,Raw Materials,whole,keep,32711,"Wire, aluminium alloy, with a maximum cross sectional dimension of 7mm or less","Wire, aluminium alloy, with a maximum cross sectional dimension of 7mm or less",
domestic_exports,7614,761410,76141000,Overhead Conductor,whole,keep,32711,"Stranded wire, cables, plaited bands, etc, alum, steel core, not elect insul","Stranded wire, cables, plaited bands, etc, alum, steel core, not elect insul",
domestic_exports,7614,761490,76149000,Overhead Conductor,whole,keep,32711,"Stranded wire, cables, plaited bands & the like or alum, not elect insul, nes","Stranded wire, cables, plaited bands and the like or alum, not elect insul, nes",
domestic_exports,8504,850421,85042100,Medium / Substation Transformer,whole,keep,381221,"Liquid dielectric transformers, having a power handling capacity <=650 kVA","Liquid dielectric transformers, having a power handling capacity <=650 kVA",
domestic_exports,8504,850422,85042200,Medium / Substation Transformer,whole,keep,381221,"Liq dielectric transf, having a power handling cap >650 kVA but <= 10,000 kVA","Liq dielectric transf, having a power handling cap >650 kVA but <= 10,000 kVA",
domestic_exports,8504,850423,85042300,Medium / Substation Transformer,carveout,keep,381221,"Liq dielectric transf, having a power handling capacity exceeding 10,000 kVA","Liq dielectric transf, having a power handling capacity exceeding 10,000 kVA",
domestic_exports,8504,850431,85043100,,drop,not_used,P73,"Transformers electric, power handling capacity not exceeding 1 kVA, nes","Transformers electric, power handling capacity not exceeding 1 kVA, nes",
domestic_exports,8504,850432,85043200,,drop,not_used,P73,"Transformers electric, power handling capacity > 1 kVA but <= 16 kVA, nes","Transformers electric, power handling capacity > 1 kVA but <= 16 kVA, nes",
domestic_exports,8504,850433,85043300,Medium / Substation Transformer,whole,keep,381221,"Transformers electric, power handling capacity > 16 kVA but <= 500 kVA, nes","Transformers electric, power handling capacity > 16 kVA but <= 500 kVA, nes",
domestic_exports,8504,850434,85043400,Medium / Substation Transformer,whole,keep,381221,"Transformers electric, having a power handling capacity exceeding 500 kVA, nes","Transformers electric, having a power handling capacity exceeding 500 kVA, nes",
domestic_exports,8504,850440,85044000,Static power converters (incl. HVDC),carveout,keep,38125,"Static converters, nes","Static electric converters, nes",
domestic_exports,8504,850450,85045000,"Substation reactive-power equipment (shunt reactors, capacitor banks, SVC/STATCOM)",drop,not_used,38125,"Inductors, electric","Inductors, electric",
domestic_exports,8504,850490,85049000,Raw Materials,whole,keep,38122,"Parts of electrical transformers, static converters and inductors","Parts,of electrical transformers,static converters (ex rectifiers) and inductors",
domestic_exports,8532,853210,85321000,"Substation reactive-power equipment (shunt reactors, capacitor banks, SVC/STATCOM)",whole,keep,38125,Fixed capacitors dsnd for use in 50/60 Hz circuits & reactive power>=0.5 kvar,Fixed capacitors designed for use in 50/60 Hz circuits (power capacitors),
domestic_exports,8532,853229,85322900,"Substation reactive-power equipment (shunt reactors, capacitor banks, SVC/STATCOM)",whole,keep,38125,"Electrical capacitors, fixed, nes","Electrical capacitors, fixed, nes",
domestic_exports,8532,853230,85323000,"Substation reactive-power equipment (shunt reactors, capacitor banks, SVC/STATCOM)",whole,keep,38125,"Electrical capacitors, variable or adjustable (pre-set)","Electrical capacitors, variable or adjustable (pre-set)",
domestic_exports,8532,853290,85329000,"Substation reactive-power equipment (shunt reactors, capacitor banks, SVC/STATCOM)",whole,keep,38125,Parts of electrical capacitors,Parts of electrical capacitors,
domestic_exports,8535,853510,85351000,High-Voltage Switchgear,whole,keep,38123,"Electrical fuses, for a voltage exceeding 1,000 volts","Electrical fuses, for a voltage exceeding 1,000 volts",
domestic_exports,8535,853521,85352100,Medium-Voltage Switchgear,whole,keep,38123,"Automatic circuit breakers, for a voltage exceeding 1,000 volts but < 72.5 kV","Automatic circuit breakers, for a voltage exceeding 1,000 volts but < 72.5 kV",
domestic_exports,8535,853529,85352900,High-Voltage Switchgear,whole,keep,38123,"Automatic circuit breakers, for a voltage exceeding 1,000 volts, nes","Automatic circuit breakers, for a voltage exceeding 1,000 volts, nes",
domestic_exports,8535,853530,85353000,Disconnect Switches (HV/MV),whole,keep,38123,"Isolating switches and make-and-break switches, voltage > 1,000 volts","Isolating switches and make-and-break switches, voltage > 1,000 volts",
domestic_exports,8535,853540,85354000,High-Voltage Switchgear,whole,keep,38123,"Lightning arresters, voltage limiters and surge suppressors, > 1,000 V","Lightning arresters, voltage limiters and surge suppressors, > 1,000 V",
domestic_exports,8535,853590,85359000,High-Voltage Switchgear,whole,keep,38123,"Electrical apparatus for switching or protec elec circuits, > 1,000 volts, nes","Electrical apparatus for switching or protec elec circuits, > 1,000 volts, nes",
domestic_exports,8536,853610,85361000,Medium-Voltage Switchgear,whole,keep,38123,"Electrical fuses, for a voltage not exceeding 1,000 volts","Electrical fuses, for a voltage not exceeding 1,000 volts",
domestic_exports,8536,853620,85362000,Medium-Voltage Switchgear,whole,keep,38123,"Automatic circuit breakers for a voltage not exceeding 1,000 volts","Automatic circuit breakers for a voltage not exceeding 1,000 volts",
domestic_exports,8536,853630,85363000,Medium-Voltage Switchgear,drop,not_used,38123,"Electrical app for protecting electric circuits, for a voltage <=1,000 V, nes","Electrical app for protecting electric circuits, for a voltage <=1,000 V, nes",
domestic_exports,8536,853641,85364100,Protection & Control panels,drop,not_used,38123,Electrical relays for a voltage not exceeding 60 volts,Electrical relays for a voltage not exceeding 60 volts,
domestic_exports,8536,853649,85364900,Protection & Control panels,whole,keep,38123,"Electrical relays for a voltage > 60 V but not exceeding 1,000 volts","Electrical relays for a voltage > 60 V but not exceeding 1,000 volts",
domestic_exports,8536,853650,85365000,Medium-Voltage Switchgear,drop,not_used,38123,"Electrical switches for a voltage not exceeding 1,000 volts, nes","Electrical switches, for a voltage not exceeding 1,000 volts, nes",
domestic_exports,8536,853690,85369000,Medium-Voltage Switchgear,drop,not_used,38123,"Electrical app for switching or protec elec circuits, not exceed 1,000 V, nes","Electrical apparatus,f making connections to/in electrical circuits,<=1,000V,nes",
domestic_exports,8537,853710,85371000,Protection & Control panels,whole,keep,38123,"Boards, panels, including numerical control panels, for a voltage <=1,000 V","Boards, panels, including numerical control panels, for a voltage <=1,000 V",
domestic_exports,8537,853720,85372000,Protection & Control panels,whole,keep,38123,"Boards, panels, including numerical control panels, for a voltage > 1,000 V","Boards, panels, including numerical control panels, for a voltage > 1,000 V",
domestic_exports,8544,854411,85441100,Raw Materials,whole,keep,322,"Winding wire, insulated, of copper, electric, including enamelled or anodized","Winding wire, insulated, of copper, electric, including enamelled or anodized",
domestic_exports,8544,854419,85441900,Raw Materials,whole,keep,322,"Winding wire, insulated, o/t of copper, electric, including enamelled/anodized","Winding wire, insulated, o/t of copper, electric, including enamelled/anodized",
domestic_exports,8544,854420,85442000,Underground / Submarine Cable,drop,not_used,38121,Co-axial cable and other co-axial electric conductors,Co-axial cable and other co-axial electric conductors,
domestic_exports,8544,854442,85444210,Underground / Submarine Cable,drop,not_used,38121,"Electric conductors, insulated, for a voltage <= 1,000 V, fitted with connectors","Electric conductors, insulated, fitted with connectors, for a voltage <= 80 V",
domestic_exports,8544,854442,85444290,Underground / Submarine Cable,drop,not_used,38121,"Electric conductors, insulated, for a voltage <= 1,000 V, fitted with connectors","Electric conductors,insulated,fitted with connectors,for voltage > 80V <= 1,000V",
domestic_exports,8544,854449,85444910,Underground / Submarine Cable,whole,keep,38121,"Insulated conductors, ≤ 1,000 V, not fitted with connectors","Electric conductors, insulated, for a voltage not exceeding 80 V, nes",
domestic_exports,8544,854449,85444990,Underground / Submarine Cable,whole,keep,38121,"Insulated conductors, ≤ 1,000 V, not fitted with connectors","Electric conductors, insulated, for a voltage > 80 V but <= 1,000 V, nes",
domestic_exports,8544,854460,85446000,Underground / Submarine Cable,whole,keep,38121,"Electric conductors, insulated, for a voltage exceeding 1,000 V, nes","Electric conductors, insulated, for a voltage exceeding 1,000 V, nes",
domestic_exports,8546,854610,85461000,Raw Materials,whole,keep,29111,"Insulators, electrical, of glass","Insulators, electrical, of glass",
domestic_exports,8546,854620,85462000,Raw Materials,whole,keep,29111,Electrical insulators of ceramics,Electrical insulators of ceramics,
domestic_exports,8546,854690,85469000,Raw Materials,whole,keep,29111,"Electrical insulators, nes","Electrical insulators, nes",
domestic_exports,8547,854710,85471000,Raw Materials,whole,keep,29111,"Insulating fittings of ceramics for elec machines, appliances or equipment","Insulating fittings of ceramics for elec machines, appliances or equipment",
domestic_exports,8547,854720,85472000,Raw Materials,whole,keep,29111,"Insulating fittings of plastics for elec machines, appliances or equipment","Insulating fittings of plastics for elec machines, appliances or equipment",
domestic_exports,8547,854790,85479000,Raw Materials,whole,keep,29111,"Insulating fittings for electrical mach appliances or equipment, nes","Insulating fittings for electrical mach appliances or equipment, nes",
domestic_exports,9030,903031,90303100,,drop,not_used,P73,"Multimeters,w/o recording device,meas/chk vltge/curr/etc,o/t semicon wafers/dev","Multimeters,w/o recording device,meas/chk vltge/curr/etc,o/t semicon wafers/dev",
domestic_exports,9030,903032,90303200,,drop,not_used,P73,"Multimeters,with recording device,meas/chk vltge/curr/etc,o/t semicon wafers/dev","Multimeters,with recording device,meas/chk vltge/curr/etc,o/t semicon wafers/dev",
domestic_exports,9030,903033,90303300,,drop,not_used,P73,"Inst & app,f meas/checking voltage,curr, resis or power,w/o recording dev,nes","Instruments & app,w/o rec dev,meas/chk vltge/curr/resist/pwr,o/t semicon waf/dev",
domestic_exports,9030,903039,90303900,,drop,not_used,P73,"Inst & app, for measuring or checking voltage, current, etc, w/o a record dev","Instruments & app, w rec dev,meas/chk vltge/curr/resist/pwr, o/t semicon waf/dev",
domestic_exports,9030,903084,90308400,,drop,not_used,P73,"Inst & app,for measuring or checking elec quantities,with recording device,nes","Inst & app,for measuring or checking elec quantities,with a recording device,nes",
domestic_exports,9030,903089,90308900,,drop,not_used,P73,"Instruments and apparatus for measuring or checking electrical quantities, nes","Spectrum analyzers,instr & app for measuring/checking electrical quantities,nes",
imports,7225,722511,7225110000,Raw Materials,whole,keep,31212,"Flat rolled products, of silicon-electrical steel, >= 600 mm wide, grain oriented","Flat rolled products,of silicon-electrical steel, >= 600 mm wide, grain oriented",
imports,7225,722511,7225110010,Raw Materials,whole,keep,31212,"Flat rolled products, of silicon-electrical steel, >= 600 mm wide, grain oriented","Flt roll prod,al stl,cr/cd,of sil-elect stl,>=600mm wd,<=4.75mm thk,grn-oriented",
imports,7225,722511,7225110090,Raw Materials,whole,keep,31212,"Flat rolled products, of silicon-electrical steel, >= 600 mm wide, grain oriented","Flat rolled prod,al st,of silicon-elect steel,>=600mm wide,grain-oriented,nes",
imports,7225,722519,7225190000,Raw Materials,whole,keep,31212,"Flat rolled products, of silicon-electrical steel, >= 600 mm wide, nes","Flat rolled products, of silicon-electrical steel, >= 600 mm wide, nes",
imports,7225,722519,7225190010,Raw Materials,whole,keep,31212,"Flat rolled products, of silicon-electrical steel, >= 600 mm wide, nes","Flat rolled prod,al stl,cr/cd,silicon-elect stl,>=600mm wide,<=4.75mm thk,nes",
imports,7225,722519,7225190090,Raw Materials,whole,keep,31212,"Flat rolled products, of silicon-electrical steel, >= 600 mm wide, nes","Flat rolled prod, alloy stl, of silicon-electrical steel,>=600mm wide, nes",
imports,7226,722611,7226110000,Raw Materials,whole,keep,31212,"Flat rolled prod, al, o/t stainless, of sil elect steel, grain oriented, <600mm wide","Flat rolled prod,al stl, o/t ss of silicon-elect steel,grain-oriented<600mm wide",
imports,7226,722619,7226190000,Raw Materials,whole,keep,31212,"Flat rolled products, alloy, o/t stain, of silicon elec steel, <600 mm wide, nes","Flat rolled products, alloy, o/t stain, of silicon elec steel, <600 mm wide, nes",
imports,7308,730820,7308200000,Overhead Conductor,whole,keep,31212,"Towers and lattice masts, iron or steel","Towers and lattice masts, iron or steel",
imports,7308,730820,7308200010,Overhead Conductor,whole,keep,31212,"Towers and lattice masts, iron or steel","Transmission towers, of iron or steel",
imports,7308,730820,7308200090,Overhead Conductor,whole,keep,31212,"Towers and lattice masts, iron or steel","Towers, o/t transmission, and lattice masts, of iron or steel, nes",
imports,7407,740710,7407101000,Raw Materials,whole,keep,322,"Bars, rods and profiles of refined copper","Hollow profiles, of refined copper",
imports,7407,740710,7407101100,Raw Materials,whole,keep,322,"Bars, rods and profiles of refined copper","Hollow profiles, of refined copper, unworked",
imports,7407,740710,7407101200,Raw Materials,whole,keep,322,"Bars, rods and profiles of refined copper","Bars, rods or hollow profiles, of refined copper, worked",
imports,7407,740710,7407102110,Raw Materials,whole,keep,322,"Bars, rods and profiles of refined copper","Bars and rods,of refined copper,max cross-sect dim >12.7mm,unworked",
imports,7407,740710,7407102190,Raw Materials,whole,keep,322,"Bars, rods and profiles of refined copper","Bar&rod,refined cop,max c-section dim >12.7mm,nes;solid profile,refined cop,nes",
imports,7407,740710,7407102900,Raw Materials,whole,keep,322,"Bars, rods and profiles of refined copper","Bars and rods,of refined copper,max cross-sect dim<=12.7mm,unworked",
imports,7407,740710,7407109010,Raw Materials,whole,keep,322,"Bars, rods and profiles of refined copper","Bars and rods, of refined copper, max cross-sectional dim > 12.7mm, unworked",
imports,7407,740710,7407109090,Raw Materials,whole,keep,322,"Bars, rods and profiles of refined copper","Bars, rods and profiles of refined copper, nes",
imports,7408,740811,7408111000,Raw Materials,whole,keep,322,Wire of refined copper of which the max cross sectional dimension exceeds 6mm,"Wire of refined copper, of maximum cross-sectional dimension > 6mm but <= 9.5mm",
imports,7408,740811,7408111100,Raw Materials,whole,keep,322,Wire of refined copper of which the max cross sectional dimension exceeds 6mm,"Wire of refined copper,max cross-sect dim >6 but<=9.5mm,not coated or covered",
imports,7408,740811,7408111200,Raw Materials,whole,keep,322,Wire of refined copper of which the max cross sectional dimension exceeds 6mm,"Wire of refined copper,max cross-sect dim >6 but<=9.5mm, coated or covered",
imports,7408,740811,7408112000,Raw Materials,whole,keep,322,Wire of refined copper of which the max cross sectional dimension exceeds 6mm,"Wire of refined copper, maximum cross-sectional dimension >9.5 mm but <=12.7 mm",
imports,7408,740811,7408112010,Raw Materials,whole,keep,322,Wire of refined copper of which the max cross sectional dimension exceeds 6mm,"Wire of refined copper,max cross-sect dim >9.5 but<=12.7mm, not coated/covered",
imports,7408,740811,7408112020,Raw Materials,whole,keep,322,Wire of refined copper of which the max cross sectional dimension exceeds 6mm,"Wire of refined copper,max cross-sect dim >9.5 but<=12.7mm,coated or covered",
imports,7408,740811,7408113000,Raw Materials,whole,keep,322,Wire of refined copper of which the max cross sectional dimension exceeds 6mm,"Wire of refined copper, of maximum cross-sectional dimension > 12.7 mm",
imports,7408,740811,7408113100,Raw Materials,whole,keep,322,Wire of refined copper of which the max cross sectional dimension exceeds 6mm,"Wire of refined copper,max cross-sect dim >12.7mm,not coated or covered",
imports,7408,740811,7408113200,Raw Materials,whole,keep,322,Wire of refined copper of which the max cross sectional dimension exceeds 6mm,"Wire of refined copper,max cross-sect dim >12.7mm, coated or covered",
imports,7408,740819,7408190010,Raw Materials,whole,keep,322,"Wire, of refined copper of which max cross-sectional dimension is 6mm or less","Wire of refined copper, max cross-sect dim<=6mm, not coated or covered",
imports,7408,740819,7408190020,Raw Materials,whole,keep,322,"Wire, of refined copper of which max cross-sectional dimension is 6mm or less","Wire of refined copper,max cross-sect dim<=6mm, coated or covered",
imports,7408,740821,7408210000,Raw Materials,whole,keep,322,"Wire, of copper-zinc base alloys (brass)","Wire, of copper-zinc base alloys (brass)",
imports,7408,740829,7408290000,Raw Materials,whole,keep,322,"Wire, copper alloy, nes","Wire, copper alloy, nes",
imports,7413,741300,7413000010,Overhead Conductor,whole,keep,322,"Stranded wire, cable, plaited bands and the like, of copper not elec insulated","Stranded wire, of copper, without fittings, not electrically insulated",
imports,7413,741300,7413000013,Overhead Conductor,whole,keep,322,"Stranded wire, cable, plaited bands and the like, of copper not elec insulated","Stranded wire, of copper, without fittings, not electrically insulated",
imports,7413,741300,7413000019,Overhead Conductor,whole,keep,322,"Stranded wire, cable, plaited bands and the like, of copper not elec insulated","Cable,plaited band & the like,of copper,w/o fittings, not electrically insul,nes",
imports,7413,741300,7413000023,Overhead Conductor,whole,keep,322,"Stranded wire, cable, plaited bands and the like, of copper not elec insulated","Stranded wire,plaited bands and the like,of copper,with fittings,not elec insul",
imports,7413,741300,7413000029,Overhead Conductor,whole,keep,322,"Stranded wire, cable, plaited bands and the like, of copper not elec insulated","Cables, of copper, with fittings, not electrically insulated, nes",
imports,7413,741300,7413000080,Overhead Conductor,whole,keep,322,"Stranded wire, cable, plaited bands and the like, of copper not elec insulated","Cable,plaited bands & the like,of copper,w/o fittings,not electrically insulated",
imports,7413,741300,7413000090,Overhead Conductor,whole,keep,322,"Stranded wire, cable, plaited bands and the like, of copper not elec insulated","Stranded wire,cables,plaited bands & the like, of copper,not elec insulated, nes",
imports,7604,760410,7604100010,Raw Materials,whole,keep,32711,"Bars, rods and profiles, aluminium, not alloyed","Bars & rods, aluminum, not alloyed, maximum cross-sectional dimension >12.7mm",
imports,7604,760410,7604100020,Raw Materials,whole,keep,32711,"Bars, rods and profiles, aluminium, not alloyed","Bars & rods, aluminum, not alloyed, max cross-sectional dimension <=12.7mm",
imports,7604,760410,7604100030,Raw Materials,whole,keep,32711,"Bars, rods and profiles, aluminium, not alloyed","Profiles, aluminum, not alloyed",
imports,7604,760410,7604100040,Raw Materials,whole,keep,32711,"Bars, rods and profiles, aluminium, not alloyed","Bars and rods, of aluminum, not alloyed",
imports,7604,760421,7604210010,Raw Materials,whole,keep,32711,"Profiles, hollow, aluminium, alloyed","Profiles,hollow,aluminum,alloyed,unworked",
imports,7604,760421,7604210090,Raw Materials,whole,keep,32711,"Profiles, hollow, aluminium, alloyed","Profiles, hollow, aluminum alloys, nes",
imports,7604,760429,7604290011,Raw Materials,whole,keep,32711,"Bars, rods and other profiles, aluminium alloyed","Bars & rods, of aluminum alloys, having a round cross-sectional dimension >12.7mm  Barres en alliages d'aluminium, section transversale ronde >12,7mm",
imports,7604,760429,7604290019,Raw Materials,whole,keep,32711,"Bars, rods and other profiles, aluminium alloyed","Bars & rods, of aluminum alloys, max cross sectional-dimension >12.7mm, nes",
imports,7604,760429,7604290021,Raw Materials,whole,keep,32711,"Bars, rods and other profiles, aluminium alloyed","Bars & rods, of aluminum alloys, having a round cross-sectional dim <=12.7mm",
imports,7604,760429,7604290029,Raw Materials,whole,keep,32711,"Bars, rods and other profiles, aluminium alloyed","Bars & rods, of aluminum alloys, max cross-sectional dimension <=12.7mm, nes",
imports,7604,760429,7604290030,Raw Materials,whole,keep,32711,"Bars, rods and other profiles, aluminium alloyed","Profiles, of aluminum alloys, nes",
imports,7605,760511,7605110000,Raw Materials,whole,keep,32711,"Wire, aluminum, not alloyed, with a maximum cross-sectional dimension > 7mm","Wire, aluminum, not alloyed, with a maximum cross- sectional dimension > 7mm",
imports,7605,760519,7605190000,Raw Materials,whole,keep,32711,"Wire,aluminum,not alloyed,with maximum cross-sectional dimension of 7mm or less","Wire,aluminum,not alloyed,with maximum cross-sectional dimension of 7mm or less",
imports,7605,760521,7605210000,Raw Materials,whole,keep,32711,"Wire, of aluminum alloys, of which the maxium cross-sectional dimension > 7 mm","Wire, of aluminum alloys, of which the maxium cross-sectional dimension > 7 mm",
imports,7605,760521,7605210010,Raw Materials,whole,keep,32711,"Wire, of aluminum alloys, of which the maxium cross-sectional dimension > 7 mm","Wire, aluminum alloys, maximum cross-sectional dimension >7 mm but <= 12.7mm",
imports,7605,760521,7605210020,Raw Materials,whole,keep,32711,"Wire, of aluminum alloys, of which the maxium cross-sectional dimension > 7 mm","Wire, aluminum alloys, maximum cross-sectional dimension >12.7mm",
imports,7605,760529,7605290000,Raw Materials,whole,keep,32711,"Wire, aluminium alloy, with a maximum cross sectional dimension of 7mm or less","Wire, aluminium alloy, with a maximum cross sectional dimension of 7mm or less",
imports,7614,761410,7614100000,Overhead Conductor,whole,keep,32711,"Stranded wire, cables, plaited bands, etc, alum, steel core, not elect insul","Stranded wire, cables,plaited bands,etc,alum,steel core,not elect insul",
imports,7614,761490,7614900000,Overhead Conductor,whole,keep,32711,"Stranded wire, cables, plaited bands & the like or alum, not elect insul, nes","Stranded wire,cables,plaited bands, etc, of aluminum, not elect insul, nes",
imports,8504,850421,8504210010,Medium / Substation Transformer,whole,keep,381221,"Liquid dielectric transformers, having a power handling capacity <=650 kVA","Liquid dielectric transformers, with a power handling capacity < 500 kVA",
imports,8504,850421,8504210020,Medium / Substation Transformer,whole,keep,381221,"Liquid dielectric transformers, having a power handling capacity <=650 kVA","Liquid dielectric transformers, with a power handling capacity >= 500 b<= 650 kVA  Transformateurs à diélectrique liquide, puissance >= 500 kVA mais<= 650 kVA",
imports,8504,850422,8504220010,Medium / Substation Transformer,whole,keep,381221,"Liq dielectric transf, having a power handling cap >650 kVA but <= 10,000 kVA","Liquid dielectric transformers, with a power handling capacity > 650 <= 2500 kVA",
imports,8504,850422,8504220020,Medium / Substation Transformer,whole,keep,381221,"Liq dielectric transf, having a power handling cap >650 kVA but <= 10,000 kVA","Liquid dielectric transformers,with a power handling capacity >2500 <=10000 kVA",
imports,8504,850423,8504230000,Medium / Substation Transformer,carveout,keep,381221,"Liq dielectric transf, having a power handling capacity exceeding 10,000 kVA","Liq dielectric transf, having a power handling capacity exceeding 10,000 kVA",
imports,8504,850423,8504230010,Medium / Substation Transformer,carveout,keep,381221,"Liq dielectric transf, having a power handling capacity exceeding 10,000 kVA","Liquid dielectric transf,with a power handling cap >10,000 kVA but <= 59,000 kVA",
imports,8504,850423,8504230020,Medium / Substation Transformer,carveout,keep,381221,"Liq dielectric transf, having a power handling capacity exceeding 10,000 kVA","Liquid dielectric transf,w a power handling cap > 59,000 kVA  but <= 100,000 kVA",
imports,8504,850423,8504230030,Large Power Transformer (≥100 MVA),carveout,keep,381221,"Liq dielectric transf, having a power handling capacity exceeding 10,000 kVA","Liquid dielectric transformers, with a power handling capacity >100,000 kVa",
imports,8504,850431,8504310010,,drop,not_used,P73,"Transformers electric, power handling capacity not exceeding 1 kVA, nes","Baluns, matching transformers, with a power handling capacity <= 1 kVA",
imports,8504,850431,8504310020,,drop,not_used,P73,"Transformers electric, power handling capacity not exceeding 1 kVA, nes","Electric transformers, with a power handling capacity of less than 40 VA, nes",
imports,8504,850431,8504310030,,drop,not_used,P73,"Transformers electric, power handling capacity not exceeding 1 kVA, nes","Electric transformers with a power handling capacity of >= 40 VA but < 1 kVA,nes",
imports,8504,850431,8504310040,,drop,not_used,P73,"Transformers electric, power handling capacity not exceeding 1 kVA, nes","Electric transformers, with a power handling capacity of 1 kVA, nes",
imports,8504,850431,8504310091,,drop,not_used,P73,"Transformers electric, power handling capacity not exceeding 1 kVA, nes","Electric transformers, with a power handling capacity of less than 40 VA, nes",
imports,8504,850431,8504310092,,drop,not_used,P73,"Transformers electric, power handling capacity not exceeding 1 kVA, nes","Electric transformers with a power handling capacity of >= 40 VA but < 1 kVA, nes  Transformateurs électriques, puissance de 40 VA ou plus mais moins de 1 kVA, nda",
imports,8504,850431,8504310093,,drop,not_used,P73,"Transformers electric, power handling capacity not exceeding 1 kVA, nes","Electric transformers, with a power handling capacity of 1 kVA, nes",
imports,8504,850432,8504320000,,drop,not_used,P73,"Transformers electric, power handling capacity > 1 kVA but <= 16 kVA, nes","Electric transformers, with a power handling capacity > 1 kVA but <=16 kVA, nes",
imports,8504,850433,8504330010,Medium / Substation Transformer,whole,keep,381221,"Transformers electric, power handling capacity > 16 kVA but <= 500 kVA, nes","Electric transformers, with a power handling capacity > 16 kVA but <= 50 kVA,nes",
imports,8504,850433,8504330020,Medium / Substation Transformer,whole,keep,381221,"Transformers electric, power handling capacity > 16 kVA but <= 500 kVA, nes","Electric transformers, with a power handling capacity > 50 kVA but <= 500 kVA,nes  Transformateurs électriques, d'une puissance > 50 kVA mais <= 500 kVA, nda",
imports,8504,850434,8504340000,Medium / Substation Transformer,whole,keep,381221,"Transformers electric, having a power handling capacity exceeding 500 kVA, nes","Electric transformers, having a power handling capacity exceeding 500 kVA, nes",
imports,8504,850440,8504401000,Static power converters (incl. HVDC),carveout,not_used,38125,"Static converters, nes","Static converters/commercial battery chargers o/t for miner's safety lamps, etc",
imports,8504,850440,8504402000,Static power converters (incl. HVDC),carveout,not_used,38125,"Static converters, nes","Power supplies, use with surgical/dental/veterinary/diagnostic instruments",
imports,8504,850440,8504403000,Static power converters (incl. HVDC),carveout,not_used,38125,"Static converters, nes","Static converters, power supplies for automatic data processing machines of head",
imports,8504,850440,8504404000,Static power converters (incl. HVDC),carveout,not_used,38125,"Static converters, nes","Static converters, speed drive controllers for electric motors",
imports,8504,850440,8504409031,Static power converters (incl. HVDC),carveout,uncertain,38125,"Static converters, nes","Rectifiers, with or without a device > 100 A for use in the converting element","Rectifiers (AC→DC) — HVDC valve equipment possible, but dominated by industrial use (electroplating, drives). Unverifiable."
imports,8504,850440,8504409032,Static power converters (incl. HVDC),carveout,exclude,38125,"Static converters, nes","Inverters, with or without a device > 100 A for use in the converting element",Inverters — include solar PV (generation-side) and UPS (behind-meter); not T&D grid.
imports,8504,850440,8504409033,Static power converters (incl. HVDC),carveout,uncertain,38125,"Static converters, nes",Alternating curr & cycle converter w or w/o a dev >100A used in the cnvrtg elmnt,"AC & cycle converters >100 A — possible grid, mostly industrial drives. Unverifiable."
imports,8504,850440,8504409034,Static power converters (incl. HVDC),carveout,uncertain,38125,"Static converters, nes","Direct current converters, w or w/o a device > 100 A used in the cnvrtg element","DC converters >100 A — possible grid, largely industrial DC-DC. Unverifiable."
imports,8504,850440,8504409035,Static power converters (incl. HVDC),carveout,exclude,38125,"Static converters, nes","Power supplies, with a device > 100 A employed in the converting element","Power supplies >100 A — industrial/equipment power supplies, behind the meter."
imports,8504,850440,8504409039,Static power converters (incl. HVDC),carveout,uncertain,38125,"Static converters, nes","Semiconductor converters, with a device > 100 A used in the converting elmnt,nes","Semiconductor converters, nes — possible HVDC, mostly industrial power electronics. Unverifiable."
imports,8504,850440,8504409041,Static power converters (incl. HVDC),carveout,not_used,38125,"Static converters, nes","Battery chargers, USB type from AC source",
imports,8504,850440,8504409042,Static power converters (incl. HVDC),carveout,not_used,38125,"Static converters, nes","Battery chargers, USB type from DC source",
imports,8504,850440,8504409049,Static power converters (incl. HVDC),carveout,not_used,38125,"Static converters, nes","Battery chargers, nes",
imports,8504,850440,8504409091,Static power converters (incl. HVDC),carveout,not_used,38125,"Static converters, nes","Battery chargers, non commercial, nes",
imports,8504,850440,8504409092,Static power converters (incl. HVDC),carveout,not_used,38125,"Static converters, nes","Battery chargers, commercial, nes",
imports,8504,850440,8504409093,Static power converters (incl. HVDC),carveout,not_used,38125,"Static converters, nes","Power supplies, nes",
imports,8504,850440,8504409099,Static power converters (incl. HVDC),carveout,exclude,38125,"Static converters, nes","Static converters, nes","Static converters, ""nes"" catch-all — unlabelled; cannot confirm grid use, and a steady ~$0.9B/yr is implausible for HVDC converters."
imports,8504,850450,8504500000,"Substation reactive-power equipment (shunt reactors, capacitor banks, SVC/STATCOM)",drop,exclude,38125,"Inductors, electric","Other electric inductors, nes","Electric inductors, nes — dominated by electronic chokes/ballasts, not grid shunt reactors."
imports,8504,850490,8504901000,Raw Materials,whole,keep,38122,"Parts of electrical transformers, static converters and inductors","Parts,of printed circuit assemblies for goods of subheadings 8504.40 and 8504.90",
imports,8504,850490,8504901010,Raw Materials,whole,keep,38122,"Parts of electrical transformers, static converters and inductors",Printed circuit assemblies for battery chargers,
imports,8504,850490,8504901020,Raw Materials,whole,keep,38122,"Parts of electrical transformers, static converters and inductors",Printed circuit assemblies for power supplies,
imports,8504,850490,8504901090,Raw Materials,whole,keep,38122,"Parts of electrical transformers, static converters and inductors","Printed circuit assemblies for static converters, nes",
imports,8504,850490,8504902000,Raw Materials,whole,keep,38122,"Parts of electrical transformers, static converters and inductors","Parts of power supplies of auto data processing mach of heading 84.71, nes",
imports,8504,850490,8504909010,Raw Materials,whole,keep,38122,"Parts of electrical transformers, static converters and inductors",Printed circuit assemblies of electric transformers and other inductors,
imports,8504,850490,8504909081,Raw Materials,whole,keep,38122,"Parts of electrical transformers, static converters and inductors","Parts, of electric transformers, having a power handling capacity < 500 kVA",
imports,8504,850490,8504909082,Raw Materials,whole,keep,38122,"Parts of electrical transformers, static converters and inductors","Parts, of electric transformers, having a power handling capacity >= 500 kVA",
imports,8504,850490,8504909090,Raw Materials,whole,keep,38122,"Parts of electrical transformers, static converters and inductors","Parts, of electrical transformers, static converters and inductors, nes",
imports,8532,853210,8532100000,"Substation reactive-power equipment (shunt reactors, capacitor banks, SVC/STATCOM)",whole,keep,38125,Fixed capacitors dsnd for use in 50/60 Hz circuits & reactive power>=0.5 kvar,Fixed capacitors dsnd for use in 50/60 Hz circuits & reactive power>=0.5 kvar,
imports,8532,853229,8532290000,"Substation reactive-power equipment (shunt reactors, capacitor banks, SVC/STATCOM)",whole,exclude,38125,"Electrical capacitors, fixed, nes","Electrical capacitors, fixed, nes","Fixed capacitors, nes — electronic capacitors, not power-factor/grid reactive."
imports,8532,853230,8532300000,"Substation reactive-power equipment (shunt reactors, capacitor banks, SVC/STATCOM)",whole,exclude,38125,"Electrical capacitors, variable or adjustable (pre-set)","Electrical capacitors, variable or adjustable (pre-set)",Variable/adjustable capacitors — electronic trimmer capacitors.
imports,8532,853290,8532900000,"Substation reactive-power equipment (shunt reactors, capacitor banks, SVC/STATCOM)",whole,exclude,38125,Parts of electrical capacitors,Parts of electrical capacitors,"Parts of capacitors — component parts, not installed grid equipment."
imports,8535,853510,8535100010,High-Voltage Switchgear,whole,keep,38123,"Electrical fuses, for a voltage exceeding 1,000 volts","Electrical fuse,for swchg/protect/conn circuits,w vltge >1000V,f mining/oil,etc",
imports,8535,853510,8535100090,High-Voltage Switchgear,whole,keep,38123,"Electrical fuses, for a voltage exceeding 1,000 volts","O electrical fuse,for switching/protecting/connecting circuit,vltge > 1000V,nes",
imports,8535,853521,8535210000,Medium-Voltage Switchgear,whole,keep,38123,"Automatic circuit breakers, for a voltage exceeding 1,000 volts but < 72.5 kV","Automatic circuit breakers, for a voltage exceeding 1,000 volts but < 72.5 kV",
imports,8535,853529,8535290000,High-Voltage Switchgear,whole,keep,38123,"Automatic circuit breakers, for a voltage exceeding 1,000 volts, nes","Automatic circuit breakers, for a voltage exceeding 1000 volts, nes",
imports,8535,853530,8535300010,Disconnect Switches (HV/MV),whole,keep,38123,"Isolating switches and make-and-break switches, voltage > 1,000 volts","Knife isolating switches and make-and-break switches, voltage > 1000 V",
imports,8535,853530,8535300090,Disconnect Switches (HV/MV),whole,keep,38123,"Isolating switches and make-and-break switches, voltage > 1,000 volts","Switch isolating and make-and-break switch, o/t knife, voltage > 1000 V, nes",
imports,8535,853540,8535400000,High-Voltage Switchgear,whole,keep,38123,"Lightning arresters, voltage limiters and surge suppressors, > 1,000 V","Lightning arresters, voltage limiters and surge suppressors,voltage > 1000 V",
imports,8535,853590,8535901000,High-Voltage Switchgear,whole,keep,38123,"Electrical apparatus for switching or protec elec circuits, > 1,000 volts, nes","Electrical app for switch/protect elec crt,vltg>1000V, flmpf for mines,etc,nes",
imports,8535,853590,8535902000,High-Voltage Switchgear,whole,keep,38123,"Electrical apparatus for switching or protec elec circuits, > 1,000 volts, nes","Recept met box,ind cntl switch,& junction box/flmpf cable conn dev,>1000 V,nes",
imports,8535,853590,8535903000,High-Voltage Switchgear,whole,exclude,38123,"Electrical apparatus for switching or protec elec circuits, > 1,000 volts, nes","Motors starters and motor overload protectors, voltage exceeding 1000 volts","Motor starters/overload protectors — serve motor loads (behind-meter industrial), not grid switching."
imports,8535,853590,8535909010,High-Voltage Switchgear,whole,keep,38123,"Electrical apparatus for switching or protec elec circuits, > 1,000 volts, nes","Terminals,elec splices & elec couplings,f swchg/protec elec circuit, >1000V,nes",
imports,8535,853590,8535909020,High-Voltage Switchgear,whole,keep,38123,"Electrical apparatus for switching or protec elec circuits, > 1,000 volts, nes","Other electrical connectors,for switching/protec elec circuit, vltge > 1000V,nes",
imports,8535,853590,8535909090,High-Voltage Switchgear,whole,keep,38123,"Electrical apparatus for switching or protec elec circuits, > 1,000 volts, nes","Electrical apparatus for switching/protecting elec circuit, voltage > 1000V, nes",
imports,8536,853610,8536100000,Medium-Voltage Switchgear,whole,keep,38123,"Electrical fuses, for a voltage not exceeding 1,000 volts","Electrical fuses, for a voltage not exceeding 1000 volts",
imports,8536,853620,8536200010,Medium-Voltage Switchgear,whole,keep,38123,"Automatic circuit breakers for a voltage not exceeding 1,000 volts","Automatic circuit breakers, with molded case, for a voltage <= 1,000 volts",
imports,8536,853620,8536200090,Medium-Voltage Switchgear,whole,keep,38123,"Automatic circuit breakers for a voltage not exceeding 1,000 volts","Automatic circuit breakers, for a voltage <= 1,000 volts, nes",
imports,8536,853630,8536301000,Medium-Voltage Switchgear,drop,exclude,38123,"Electrical app for protecting electric circuits, for a voltage <=1,000 V, nes","Elec overload app, protec elec circuit, used mfr air conditioning mach,<=1000 V",Overload apparatus for air-conditioning machinery — appliance protection.
imports,8536,853630,8536302000,Medium-Voltage Switchgear,drop,exclude,38123,"Electrical app for protecting electric circuits, for a voltage <=1,000 V, nes","Motor protectors, elec overload app, protec elec circuits voltage <= 1000 volts",Motor protectors — motor protection (behind-meter loads).
imports,8536,853630,8536309010,Medium-Voltage Switchgear,drop,exclude,38123,"Electrical app for protecting electric circuits, for a voltage <=1,000 V, nes","Electrical overload app, for protecting electric circuits,voltage <= 1000 V,nes",Overload protective apparatus — motor/equipment overload protection.
imports,8536,853630,8536309090,Medium-Voltage Switchgear,drop,exclude,38123,"Electrical app for protecting electric circuits, for a voltage <=1,000 V, nes","Electrical apparatus for protecting electrical circuits, voltage <= 1000 V, nes","Circuit-protecting apparatus, nes ≤1 kV — predominantly equipment/building protection."
imports,8536,853641,8536410011,Protection & Control panels,drop,exclude,38123,Electrical relays for a voltage not exceeding 60 volts,"Electro-mechanical relays, with contacts rated < 10 A, for a voltage <= 60 V","Electro-mechanical relays <10 A, ≤60 V — small control relays."
imports,8536,853641,8536410019,Protection & Control panels,drop,exclude,38123,Electrical relays for a voltage not exceeding 60 volts,"Electric relays,with contacts rated <10A,voltage <=60V,o/t electro-mechanical,nes  Relais électriques,contacts évalués <10A,voltage <=60V,a/q électromécaniques,nda","Relays <10 A, ≤60 V — small low-voltage relays."
imports,8536,853641,8536410020,Protection & Control panels,drop,exclude,38123,Electrical relays for a voltage not exceeding 60 volts,"Automotive signalling flashers, voltage <= 60 V",Automotive signalling flashers — automotive components.
imports,8536,853641,8536410091,Protection & Control panels,drop,exclude,38123,Electrical relays for a voltage not exceeding 60 volts,"Electric relay contactors, with contacts >= 10 A, voltage <= 60 V, nes",Relay contactors ≤60 V — low-voltage control.
imports,8536,853641,8536410092,Protection & Control panels,drop,exclude,38123,Electrical relays for a voltage not exceeding 60 volts,"Electro-mechanical relays, with contacts >= 10 A, voltage <= 60 V, nes",Electro-mechanical relays ≤60 V — low-voltage control.
imports,8536,853641,8536410099,Protection & Control panels,drop,exclude,38123,Electrical relays for a voltage not exceeding 60 volts,"Electric relays,o/t contactors/electro-mechanical,with contact >= 10A,<= 60V,nes","Relays ≥10 A, ≤60 V, nes — low-voltage control relays (electronic/equipment)."
imports,8536,853649,8536490010,Protection & Control panels,whole,exclude,38123,"Electrical relays for a voltage > 60 V but not exceeding 1,000 volts","Electro-mechanical relays,with contacts rated < 10A,vltge > 60 but <= 1000V,nes",Electro-mechanical relays <10 A — small control relays.
imports,8536,853649,8536490020,Protection & Control panels,whole,exclude,38123,"Electrical relays for a voltage > 60 V but not exceeding 1,000 volts","Electrical relays,cntc rated <10A,vltge >60 <=1000V,o/t electro-mechanical,nes","Relays <10 A, nes — small control relays."
imports,8536,853649,8536490030,Protection & Control panels,whole,exclude,38123,"Electrical relays for a voltage > 60 V but not exceeding 1,000 volts","Electrical relay contactors, voltage > 60 but <= 1000 volts, nes",Relay contactors — motor/industrial control.
imports,8536,853649,8536490040,Protection & Control panels,whole,exclude,38123,"Electrical relays for a voltage > 60 V but not exceeding 1,000 volts","Other electro-mechanical relays, voltage > 60 but <= 1000 volts, nes","Electro-mechanical relays, nes — general equipment control relays."
imports,8536,853649,8536490090,Protection & Control panels,whole,uncertain,38123,"Electrical relays for a voltage > 60 V but not exceeding 1,000 volts","Other electrical relays, voltage > 60 but <= 1000 volts, nes","Electrical relays >60 ≤1,000 V, nes — includes grid protection relays and industrial control relays; cannot separate."
imports,8536,853650,8536501000,Medium-Voltage Switchgear,drop,exclude,38123,"Electrical switches for a voltage not exceeding 1,000 volts, nes","Motor starter switches, voltage <= 1000 V",Motor starter switches — motor control (behind-meter loads).
imports,8536,853650,8536501100,Medium-Voltage Switchgear,drop,not_used,38123,"Electrical switches for a voltage not exceeding 1,000 volts, nes","Motor starter switches, for use with machinery or equipment, voltage <= 1000 V",
imports,8536,853650,8536501200,Medium-Voltage Switchgear,drop,not_used,38123,"Electrical switches for a voltage not exceeding 1,000 volts, nes","Motor starter switches, for automotive use, voltage <= 1000 V",
imports,8536,853650,8536501900,Medium-Voltage Switchgear,drop,not_used,38123,"Electrical switches for a voltage not exceeding 1,000 volts, nes","Motor starter switches, nes, voltage <= 1000 V",
imports,8536,853650,8536502000,Medium-Voltage Switchgear,drop,not_used,38123,"Electrical switches for a voltage not exceeding 1,000 volts, nes","Elec-mech snap-action switches f current <= 11 A,electro switches,etc, <= 1000 V",
imports,8536,853650,8536509011,Medium-Voltage Switchgear,drop,exclude,38123,"Electrical switches for a voltage not exceeding 1,000 volts, nes","Push-button switches,for use with machinery or equipment, voltage <= 1000 V",Push-button switches for machinery/equipment — industrial controls.
imports,8536,853650,8536509019,Medium-Voltage Switchgear,drop,exclude,38123,"Electrical switches for a voltage not exceeding 1,000 volts, nes","Push-button switches, o/t for use w machinery/equipment, voltage <= 1000 V, nes","Push-button switches — machine/equipment controls, behind the meter."
imports,8536,853650,8536509020,Medium-Voltage Switchgear,drop,exclude,38123,"Electrical switches for a voltage not exceeding 1,000 volts, nes","High pressure and float switches, o/t for dishwashers, voltage <= 1000 V","High-pressure/float switches — appliance/pump controls, behind the meter."
imports,8536,853650,8536509030,Medium-Voltage Switchgear,drop,exclude,38123,"Electrical switches for a voltage not exceeding 1,000 volts, nes","Rotary switches, nes, for a voltage <= 1000 V","Rotary switches — equipment control switches, not grid."
imports,8536,853650,8536509040,Medium-Voltage Switchgear,drop,exclude,38123,"Electrical switches for a voltage not exceeding 1,000 volts, nes","Snap-action switches, other than limit, nes, for a voltage <= 1000 V","Snap-action switches — machine control, not grid."
imports,8536,853650,8536509050,Medium-Voltage Switchgear,drop,exclude,38123,"Electrical switches for a voltage not exceeding 1,000 volts, nes","Knife switches, nes, for a voltage <= 1000 V","Knife switches, nes ≤1 kV — general equipment/industrial use."
imports,8536,853650,8536509060,Medium-Voltage Switchgear,drop,exclude,38123,"Electrical switches for a voltage not exceeding 1,000 volts, nes","Limit switches, nes, for a voltage <= 1000 V","Limit switches — machine automation, not grid."
imports,8536,853650,8536509090,Medium-Voltage Switchgear,drop,exclude,38123,"Electrical switches for a voltage not exceeding 1,000 volts, nes","Other switches, nes, for a voltage <= 1000 V","Generic ≤1 kV switches, nes — dominated by building/industrial/appliance use, not utility distribution."
imports,8536,853650,8536509111,Medium-Voltage Switchgear,drop,not_used,38123,"Electrical switches for a voltage not exceeding 1,000 volts, nes","Push-button switches,for use with machinery or equipment, voltage <= 1000 V",
imports,8536,853650,8536509119,Medium-Voltage Switchgear,drop,not_used,38123,"Electrical switches for a voltage not exceeding 1,000 volts, nes","Push-button switches, o/t for use w machinery/equipment, voltage <= 1000 V, nes",
imports,8536,853650,8536509120,Medium-Voltage Switchgear,drop,not_used,38123,"Electrical switches for a voltage not exceeding 1,000 volts, nes","High pressure and float switches, o/t for dishwashers, voltage <= 1000 V",
imports,8536,853650,8536509190,Medium-Voltage Switchgear,drop,not_used,38123,"Electrical switches for a voltage not exceeding 1,000 volts, nes","Electrical cntc/cam type/magnt contactors, etc,switches, voltage <= 1000 V, nes",
imports,8536,853650,8536509200,Medium-Voltage Switchgear,drop,not_used,38123,"Electrical switches for a voltage not exceeding 1,000 volts, nes","Switches, automotive use, voltage <= 1000 V, nes",
imports,8536,853650,8536509910,Medium-Voltage Switchgear,drop,not_used,38123,"Electrical switches for a voltage not exceeding 1,000 volts, nes","Rotary switches, nes, for a voltage <= 1000 V",
imports,8536,853650,8536509911,Medium-Voltage Switchgear,drop,not_used,38123,"Electrical switches for a voltage not exceeding 1,000 volts, nes","Rotary switches, for use with machinery or equipment, voltage <= 1000 V",
imports,8536,853650,8536509912,Medium-Voltage Switchgear,drop,not_used,38123,"Electrical switches for a voltage not exceeding 1,000 volts, nes","Snap-action switches,o/t limit,use with machinery or equipment,voltage <= 1000V",
imports,8536,853650,8536509913,Medium-Voltage Switchgear,drop,not_used,38123,"Electrical switches for a voltage not exceeding 1,000 volts, nes","Knife switches, for use with machinery or equipment, voltage <= 1000 V",
imports,8536,853650,8536509914,Medium-Voltage Switchgear,drop,not_used,38123,"Electrical switches for a voltage not exceeding 1,000 volts, nes","Limit switches, for use with machinery or equipment, voltage <= 1000 V",
imports,8536,853650,8536509919,Medium-Voltage Switchgear,drop,not_used,38123,"Electrical switches for a voltage not exceeding 1,000 volts, nes","Electrical switches, for use with machinery or equipment,voltage <= 1000 V, nes",
imports,8536,853650,8536509920,Medium-Voltage Switchgear,drop,not_used,38123,"Electrical switches for a voltage not exceeding 1,000 volts, nes","Snap-action switches, other than limit, nes, for a voltage <= 1000 V",
imports,8536,853650,8536509930,Medium-Voltage Switchgear,drop,not_used,38123,"Electrical switches for a voltage not exceeding 1,000 volts, nes","Knife switches, nes, for a voltage <= 1000 V",
imports,8536,853650,8536509940,Medium-Voltage Switchgear,drop,not_used,38123,"Electrical switches for a voltage not exceeding 1,000 volts, nes","Limit switches, nes, for a voltage <= 1000 V",
imports,8536,853650,8536509980,Medium-Voltage Switchgear,drop,not_used,38123,"Electrical switches for a voltage not exceeding 1,000 volts, nes","Other rotary switches, voltage <= 1000 V, nes",
imports,8536,853650,8536509990,Medium-Voltage Switchgear,drop,not_used,38123,"Electrical switches for a voltage not exceeding 1,000 volts, nes","Other switches, nes, for a voltage <= 1000 V",
imports,8536,853690,8536900010,Medium-Voltage Switchgear,drop,exclude,38123,"Electrical app for switching or protec elec circuits, not exceed 1,000 V, nes","Electrical junction boxes, for switching/conn to/in elec circuit,vltge <=1,000 V","Electrical junction boxes — building wiring, behind the meter."
imports,8536,853690,8536900020,Medium-Voltage Switchgear,drop,exclude,38123,"Electrical app for switching or protec elec circuits, not exceed 1,000 V, nes","Terminals,elec splices & couplings,for swchg/conn to/in elec crt,vltge <=1,000V","Terminals, splices and couplings — wiring accessories, not installed grid equipment."
imports,8536,853690,8536900090,Medium-Voltage Switchgear,drop,exclude,38123,"Electrical app for switching or protec elec circuits, not exceed 1,000 V, nes","Electrical apparatus,f making connections to/in electrical circuits,<=1,000V,nes","Apparatus for making connections, nes — wiring connectors/accessories, not grid switchgear."
imports,8537,853710,8537101100,Protection & Control panels,whole,exclude,38123,"Boards, panels, including numerical control panels, for a voltage <=1,000 V","Numer cntl panel, built-in auto data process,<=1000 V,assem w out hsng/sup etc",Numerical-control panels with data processing — CNC/IT.
imports,8537,853710,8537101910,Protection & Control panels,whole,exclude,38123,"Boards, panels, including numerical control panels, for a voltage <=1,000 V","Numerical control panel,built-in auto data process, for machy/equip, <= 1000 V",Numerical-control panels for machinery — CNC control.
imports,8537,853710,8537101990,Protection & Control panels,whole,exclude,38123,"Boards, panels, including numerical control panels, for a voltage <=1,000 V","Numerical control panel, built-in auto data process, nes, <= 1000 V","Numerical-control panels with built-in data processing — CNC/IT, not grid."
imports,8537,853710,8537102100,Protection & Control panels,whole,exclude,38123,"Boards, panels, including numerical control panels, for a voltage <=1,000 V","Motor control centres, for automotive use, voltage <= 1000 V",Motor control centres for automotive use — automotive.
imports,8537,853710,8537102910,Protection & Control panels,whole,exclude,38123,"Boards, panels, including numerical control panels, for a voltage <=1,000 V","Motor control centres, for use with machinery or equipment, voltage <= 1000 V","Motor control centres for machinery — industrial motor control, behind the meter."
imports,8537,853710,8537102990,Protection & Control panels,whole,exclude,38123,"Boards, panels, including numerical control panels, for a voltage <=1,000 V","Motor control centres, nes, voltage <= 1000 V","Motor control centres, nes — industrial motor control."
imports,8537,853710,8537103100,Protection & Control panels,whole,exclude,38123,"Boards, panels, including numerical control panels, for a voltage <=1,000 V","Automated industrial control systems, o/t panels for anode formers, <= 1000 V",Automated industrial control systems — industrial.
imports,8537,853710,8537103910,Protection & Control panels,whole,exclude,38123,"Boards, panels, including numerical control panels, for a voltage <=1,000 V","Other board/panel,ass w outer housing/support goods No 84.21,etc, <= 1000 V,nes",Panels with housing of HS 84.21 machinery — equipment.
imports,8537,853710,8537103991,Protection & Control panels,whole,exclude,38123,"Boards, panels, including numerical control panels, for a voltage <=1,000 V","Panel boards and distribution boards,voltage <= 1000 V,f use w mchy/equip,nes",Panel/distribution boards for use with machinery/equipment — industrial.
imports,8537,853710,8537103992,Protection & Control panels,whole,exclude,38123,"Boards, panels, including numerical control panels, for a voltage <=1,000 V","Programmable controllers,voltage <= 1000 V,for use with machinery/equipment,nes",Programmable controllers for machinery/equipment — industrial PLCs.
imports,8537,853710,8537103999,Protection & Control panels,whole,exclude,38123,"Boards, panels, including numerical control panels, for a voltage <=1,000 V","Boards,panels,consoles,for control/distr elec,vltg<=1000V,use w mchy/equip, nes",Control/distribution boards for use with machinery/equipment — industrial.
imports,8537,853710,8537109100,Protection & Control panels,whole,exclude,38123,"Boards, panels, including numerical control panels, for a voltage <=1,000 V","Other board/panel,ass w outer housing/support of goods No 84.21,etc,<=1000V,nes",Panels assembled with housing of HS 84.21 machinery (filtering/centrifuges) — equipment.
imports,8537,853710,8537109300,Protection & Control panels,whole,uncertain,38123,"Boards, panels, including numerical control panels, for a voltage <=1,000 V","Panel boards and distribution boards, voltage <= 1000 V, nes","Panelboards and distribution boards ≤1 kV, nes — building/facility distribution vs LV utility distribution. Unresolvable."
imports,8537,853710,8537109920,Protection & Control panels,whole,exclude,38123,"Boards, panels, including numerical control panels, for a voltage <=1,000 V","Programmable controllers, nes, voltage <= 1000 V","Programmable controllers (PLCs), nes — industrial automation, not grid control."
imports,8537,853710,8537109930,Protection & Control panels,whole,exclude,38123,"Boards, panels, including numerical control panels, for a voltage <=1,000 V","Metal clad ind switchgear, o/t flmpf elec switchgear, use in mine,<= 1000V,nes",Metal-clad switchgear for use in mines ≤1 kV — industrial/mining.
imports,8537,853710,8537109990,Protection & Control panels,whole,uncertain,38123,"Boards, panels, including numerical control panels, for a voltage <=1,000 V","Other boards,panels,consoles,control/distribution electricity,vltge<=1000V,nes","Boards/panels/consoles ≤1 kV, nes — the 48% catch-all; mixes utility LV distribution boards with factory and building panels. Grid share cannot be isolated."
imports,8537,853720,8537200010,Protection & Control panels,whole,keep,38123,"Boards, panels, including numerical control panels, for a voltage > 1,000 V","Switchgear assemblies and switchboards, voltage > 1000 V",
imports,8537,853720,8537200090,Protection & Control panels,whole,keep,38123,"Boards, panels, including numerical control panels, for a voltage > 1,000 V","Boards,panels,consoles,for control/distribution of electricity,vltge >1000V,nes",
imports,8544,854411,8544110010,Raw Materials,whole,keep,322,"Winding wire, insulated, of copper, electric, including enamelled or anodized","Insulated electrical winding wire,copper,incl enam/anod,diam <= 0.18mm (33 AWG)",
imports,8544,854411,8544110020,Raw Materials,whole,keep,322,"Winding wire, insulated, of copper, electric, including enamelled or anodized","Insul elec winding wire,Cu,incl enam/anod,diam >0.18mm (33 AWG) <=0.64mm(22 AWG)",
imports,8544,854411,8544110030,Raw Materials,whole,keep,322,"Winding wire, insulated, of copper, electric, including enamelled or anodized","Insulated elec winding wire,of copper,incl enamelled/anod,diam >0.64 mm (22 AWG)",
imports,8544,854419,8544190000,Raw Materials,whole,keep,322,"Winding wire, insulated, o/t of copper, electric, including enamelled/anodized","Winding wire, insulated, o/t of copper, electric, including enamelled/anodized",
imports,8544,854420,8544200000,Underground / Submarine Cable,drop,exclude,38121,Co-axial cable and other co-axial electric conductors,Co-axial cable and other co-axial electric conductors,"Coaxial cable — data/telecom/signal, not power cable."
imports,8544,854442,8544420000,Underground / Submarine Cable,drop,not_used,38121,"Electric conductors, insulated, for a voltage <= 1,000 V, fitted with connectors","Electric conductors, insulated, for a voltage <= 1,000 V, fitted with connectors",
imports,8544,854442,8544420010,Underground / Submarine Cable,drop,exclude,38121,"Electric conductors, insulated, for a voltage <= 1,000 V, fitted with connectors","Electrical conductors, USB type cable, for a voltage not exceeding 5 V",USB-type cable ≤5 V — consumer electronics data cable.
imports,8544,854442,8544420090,Underground / Submarine Cable,drop,exclude,38121,"Electric conductors, insulated, for a voltage <= 1,000 V, fitted with connectors","Electrical conductors, nes","Conductors fitted with connectors, nes — cordsets/harnesses/patch leads, not grid cable."
imports,8544,854449,8544490011,Underground / Submarine Cable,whole,keep,38121,"Insulated conductors, ≤ 1,000 V, not fitted with connectors","Other insulated electric conductors, of copper, voltage > 600 V but <= 1,000 V",
imports,8544,854449,8544490019,Underground / Submarine Cable,whole,uncertain,38121,"Insulated conductors, ≤ 1,000 V, not fitted with connectors","Other insulated electric conductors, of copper, voltage <= 600 V","Insulated copper conductors ≤600 V — mostly building/hookup wire, but may include LV service cable up to the meter. Cannot isolate the grid share."
imports,8544,854449,8544490090,Underground / Submarine Cable,whole,uncertain,38121,"Insulated conductors, ≤ 1,000 V, not fitted with connectors","Other insulated electric conductors, o/t copper, voltage <= 1,000 V, nes","Insulated conductors (o/t copper) ≤1,000 V, nes — mixed building wire and possible LV distribution/service cable. Unresolvable at HS-10."
imports,8544,854460,8544600011,Underground / Submarine Cable,whole,keep,38121,"Electric conductors, insulated, for a voltage exceeding 1,000 V, nes","Insulated electric conductors, copper, voltage > 1000 V, fitted with conectors",
imports,8544,854460,8544600019,Underground / Submarine Cable,whole,keep,38121,"Electric conductors, insulated, for a voltage exceeding 1,000 V, nes","Insulated electric conductors, o/t copper, voltage >1000 V, fitted w connectors",
imports,8544,854460,8544600091,Underground / Submarine Cable,whole,keep,38121,"Electric conductors, insulated, for a voltage exceeding 1,000 V, nes","Insulated electric conductors, of copper, voltage > 1000 V, nes",
imports,8544,854460,8544600099,Underground / Submarine Cable,whole,keep,38121,"Electric conductors, insulated, for a voltage exceeding 1,000 V, nes","Insulated electric conductors, o/t copper, voltage > 1000 V, nes",
imports,8544,854460,8544601000,Underground / Submarine Cable,whole,keep,38121,"Electric conductors, insulated, for a voltage exceeding 1,000 V, nes","Insul elect conduc,vltge>1000 V,flmpf f mines;submarine cables,f vltge > 235Kv",
imports,8544,854460,8544609100,Underground / Submarine Cable,whole,keep,38121,"Electric conductors, insulated, for a voltage exceeding 1,000 V, nes","Insulated electric conductors, voltage > 1000 V, for mining, recov/prod oil,etc",
imports,8544,854460,8544609911,Underground / Submarine Cable,whole,keep,38121,"Electric conductors, insulated, for a voltage exceeding 1,000 V, nes","Insulated electric conductors, copper, voltage > 1000 V, fitted with conectors",
imports,8544,854460,8544609919,Underground / Submarine Cable,whole,keep,38121,"Electric conductors, insulated, for a voltage exceeding 1,000 V, nes","Insulated electric conductors, o/t copper, voltage >1000 V, fitted w connectors",
imports,8544,854460,8544609991,Underground / Submarine Cable,whole,keep,38121,"Electric conductors, insulated, for a voltage exceeding 1,000 V, nes","Insulated electric conductors, of copper, voltage > 1000 V, nes",
imports,8544,854460,8544609999,Underground / Submarine Cable,whole,keep,38121,"Electric conductors, insulated, for a voltage exceeding 1,000 V, nes","Insulated electric conductors, o/t copper, voltage > 1000 V, nes",
imports,8546,854610,8546100000,Raw Materials,whole,keep,29111,"Insulators, electrical, of glass","Insulators, electrical, of glass",
imports,8546,854610,8546100010,Raw Materials,whole,keep,29111,"Insulators, electrical, of glass","Electrical insulators of glass, used for transmission of electrical energy",
imports,8546,854610,8546100090,Raw Materials,whole,keep,29111,"Insulators, electrical, of glass","Electrical insulators of glass,o/t for the transmission of electrical energy",
imports,8546,854620,8546200010,Raw Materials,whole,keep,29111,Electrical insulators of ceramics,"Electrical insulators of ceramic,used for transmission of electrical energy",
imports,8546,854620,8546200090,Raw Materials,whole,keep,29111,Electrical insulators of ceramics,"Electrical insulators of ceramic,o/t for transmission of electrical energy",
imports,8546,854690,8546900010,Raw Materials,whole,keep,29111,"Electrical insulators, nes","Electrical insulators of mat,o/t glass/ceramic,used trans elec energy,nes",
imports,8546,854690,8546900090,Raw Materials,whole,keep,29111,"Electrical insulators, nes","Electrical insulators of mat o/t glass/ceramic,o/t for trans elec energy,nes",
imports,8547,854710,8547100000,Raw Materials,whole,keep,29111,"Insulating fittings of ceramics for elec machines, appliances or equipment","Insulating fittings of ceramics, for electrical machines, appliances or equipment  Pièces isolantes en céramique,pr machines,appareils ou installations électriques",
imports,8547,854720,8547200000,Raw Materials,whole,keep,29111,"Insulating fittings of plastics for elec machines, appliances or equipment","Insulating fittings of plastics for electrical machines, appliances or equipment",
imports,8547,854790,8547900010,Raw Materials,whole,keep,29111,"Insulating fittings for electrical mach appliances or equipment, nes","Electrical conduit tubing, of base metal lined with insulating material, nes",
imports,8547,854790,8547900020,Raw Materials,whole,keep,29111,"Insulating fittings for electrical mach appliances or equipment, nes","Electrical threaded joints, of base metal lined with insulating material, nes",
imports,8547,854790,8547900030,Raw Materials,whole,keep,29111,"Insulating fittings for electrical mach appliances or equipment, nes","Other electrical insulating fittings,of base metal lined w insulg mat,nes",
imports,8547,854790,8547900090,Raw Materials,whole,keep,29111,"Insulating fittings for electrical mach appliances or equipment, nes","Other electrical fittings,tubing & joints, base metal lined w insulating mat,nes",
imports,9030,903031,9030310000,,drop,not_used,P73,"Multimeters,w/o recording device,meas/chk vltge/curr/etc,o/t semicon wafers/dev","Multimeters, w/o recording device,meas/chk vltge/curr/etc,o/t semicon wafers/dev",
imports,9030,903031,9030310010,,drop,not_used,P73,"Multimeters,w/o recording device,meas/chk vltge/curr/etc,o/t semicon wafers/dev","Multimeters, portable or panel indicating type, without a recording device",
imports,9030,903031,9030310090,,drop,not_used,P73,"Multimeters,w/o recording device,meas/chk vltge/curr/etc,o/t semicon wafers/dev","Multimeters, without a recording device, excl portable or panel indicating type",
imports,9030,903032,9030320000,,drop,not_used,P73,"Multimeters,with recording device,meas/chk vltge/curr/etc,o/t semicon wafers/dev","Multimeters,with recording device,meas/chk vltge/curr/etc,o/t semicon wafers/dev",
imports,9030,903033,9030330010,,drop,not_used,P73,"Inst & app,f meas/checking voltage,curr, resis or power,w/o recording dev,nes","Instruments & app,for meas/checking voltage/current/resistance,w/o rec device",
imports,9030,903033,9030330090,,drop,not_used,P73,"Inst & app,f meas/checking voltage,curr, resis or power,w/o recording dev,nes","Inst & app,w/o rec dev, o/t meas/chk vltge/curr/resist/pwr & o/t semicon waf/dev",
imports,9030,903039,9030390000,,drop,not_used,P73,"Inst & app, for measuring or checking voltage, current, etc, w/o a record dev","Instruments & app, w rec dev,meas/chk vltge/curr/resist/pwr, o/t semicon waf/dev",
imports,9030,903084,9030840000,,drop,not_used,P73,"Inst & app,for measuring or checking elec quantities,with recording device,nes","Inst & app,for measuring or checking elec quantities,with recording device,nes",
imports,9030,903089,9030890010,,drop,not_used,P73,"Instruments and apparatus for measuring or checking electrical quantities, nes","Electrical instruments and app for measuring/checking electrical quantities, nes",
imports,9030,903089,9030890090,,drop,not_used,P73,"Instruments and apparatus for measuring or checking electrical quantities, nes","Spectrum analyzers,instr & app fmeas/checking electrical qty o/t of No 90.28,nes",
